id,timestamp,source,user_id,user_name,segment,rating,title,content,theme,app_version
FB-0069,2026-06-29T10:46:00Z,Google Play,usr_9822,Quinn Bailey,Free Tier,5,Fast and effortless payment in v2.1,Super easy purchase flow. Apple Pay and credit card checkout worked instantaneously with zero friction.,checkout_stability,v2.2
FB-0022,2026-07-01T03:24:00Z,App Store,usr_3678,Hannah Abbott,Pro Tier,5,Checkout is lightning fast!,The one-tap checkout with Apple Pay is buttery smooth! Literally completed payment in under 3 seconds without having to type my address. Best shopping UX in this category.,checkout_stability,v2.1
FB-0001,2026-07-03T21:15:00Z,Google Play,usr_1410,David Kim,Free Tier,1,SMS verification code never arrives,"Trying to sign up for my team on Android. The 6-digit SMS verification code never arrives, or takes 15 minutes by which time the session has timed out. I tried 4 times and gave up.",onboarding_friction,v2.1
FB-0039,2026-07-06T13:46:00Z,App Store,usr_8434,Fatima Al-Mansoor,Free Tier,2,Font size doesn't respect iOS Dynamic Type,I have vision impairment and use enlarged system fonts on iOS. This app ignores system Dynamic Type settings completely; text remains microscopic 11pt.,ui_accessibility,v2.1
FB-0057,2026-07-06T20:23:00Z,App Store,usr_2128,Liam Vance,Free Tier,5,Fast and effortless payment in v2.1,Super easy purchase flow. Apple Pay and credit card checkout worked instantaneously with zero friction.,checkout_stability,v2.2
FB-0045,2026-07-07T15:57:00Z,Intercom,usr_4751,Bianca Patel,Free Tier,1,Sign-up verification lag on desktop,Waited over 25 minutes for the account activation email to arrive. Almost gave up and closed the browser.,onboarding_friction,v2.1
FB-0016,2026-07-09T10:14:00Z,Intercom,usr_1751,Carlos Mendez,Enterprise,4,Need raw CSV and Excel export for analytics,Our management requires weekly Excel spreadsheets. Currently we have to copy-paste tables manually. Please add an automated 'Export to CSV / XLSX' button on all report pages.,feature_requests_exports,v2.1
FB-0067,2026-07-09T14:06:00Z,App Store,usr_5350,Samir Khan,Free Tier,5,Fast and effortless payment in v2.2,Super easy purchase flow. Apple Pay and credit card checkout worked instantaneously with zero friction.,checkout_stability,v2.2
FB-0011,2026-07-10T16:22:00Z,Intercom,usr_7225,Carlos Mendez,Growth,2,No monthly billing option for Starter plan,I only need the software for a 2-month consulting project. Forcing me to pay $360 for an entire year upfront is making me look elsewhere. Please offer a true monthly billing toggle.,pricing_complaints,v2.1
FB-0060,2026-07-13T17:40:00Z,Discord,usr_6465,Alex Mercer,Enterprise,4,Export request: Google Sheets live sync,We really need direct webhook integration to Slack to streamline our team workflow.,feature_requests_exports,v2.3
FB-0050,2026-07-14T04:30:00Z,App Store,usr_7659,Fatima Al-Mansoor,Free Tier,5,Fast and effortless payment in v2.1,Super easy purchase flow. Apple Pay and credit card checkout worked instantaneously with zero friction.,checkout_stability,v2.1
FB-0062,2026-07-14T10:15:00Z,Discord,usr_4442,Liam Vance,Enterprise,4,Export request: PowerBI connector,We really need direct webhook integration to Slack to streamline our team workflow.,feature_requests_exports,v2.3
FB-0055,2026-07-14T20:16:00Z,App Store,usr_6148,Gabriel Torres,Pro Tier,5,Fast and effortless payment in v2.1,Super easy purchase flow. Apple Pay and credit card checkout worked instantaneously with zero friction.,checkout_stability,v2.2
FB-0023,2026-07-19T10:20:00Z,Google Play,usr_4599,Ian McGregor,Growth,5,Flawless payment experience,Purchased the annual plan with my European Visa card. Seamless 3D-Secure modal and instant receipt in my inbox. Very polished payment flow.,checkout_stability,v2.2
FB-0041,2026-07-20T22:15:00Z,Discord,usr_6948,David Kim,Pro Tier,1,Subscription tier pricing increase without notice,The sudden pricing changes for team workspaces made our monthly invoice jump unexpectedly. Needs clearer communication.,pricing_complaints,v2.3
FB-0058,2026-07-21T16:56:00Z,App Store,usr_5334,Elena Rostova,Pro Tier,5,Export request: PowerBI connector,We really need direct webhook integration to Slack to streamline our team workflow.,feature_requests_exports,v2.3
FB-0061,2026-07-23T06:02:00Z,App Store,usr_3443,Carlos Mendez,Enterprise,5,Export request: PowerBI connector,We really need scheduled PDF email reports to streamline our team workflow.,feature_requests_exports,v2.2
FB-0002,2026-07-23T16:43:00Z,App Store,usr_3287,Hannah Abbott,Growth,2,Google SSO infinite redirect loop,"When clicking 'Continue with Google' during initial onboarding, the app opens Chrome, authenticates, redirects back, and shows 'Authentication Failed: invalid state'. Extremely frustrating first impression.",onboarding_friction,v2.2
FB-0075,2026-07-24T08:54:00Z,Zendesk,usr_8785,Hannah Abbott,Growth,1,Subscription tier invoice lacks VAT details,The sudden pricing changes for API usage limits made our monthly invoice jump unexpectedly. Needs clearer communication.,pricing_complaints,v2.2
FB-0059,2026-07-25T10:40:00Z,App Store,usr_4336,Kevin O'Connor,Growth,1,Sign-up verification lag on desktop,Waited over 25 minutes for the account activation email to arrive. Almost gave up and closed the browser.,onboarding_friction,v2.3
FB-0017,2026-07-26T20:55:00Z,Discord,usr_2308,Jessica Wu,Growth,5,Webhook triggers on new feedback items,"Would love an outbound webhook whenever a negative review or high-priority ticket is synthesized, so our on-call engineering team can receive automated Slack alerts via Zapier.",feature_requests_exports,v2.2
FB-0009,2026-07-28T23:17:00Z,Zendesk,usr_7925,Fatima Al-Mansoor,Pro Tier,1,Stealth 40% price hike on annual renewal,My annual subscription just renewed at $299 instead of the $199 grandfathered rate with zero advance email warning. Support refused to honor the previous rate or issue a partial refund. That is deceptive billing.,pricing_complaints,v2.2
FB-0054,2026-07-29T07:15:00Z,Google Play,usr_2965,Maya Lin,Free Tier,1,Sign-up verification lag on desktop,Waited over 10 minutes for the account activation email to arrive. Almost gave up and closed the browser.,onboarding_friction,v2.3
FB-0037,2026-07-30T21:49:00Z,Google Play,usr_9798,David Kim,Free Tier,2,Dark mode contrast is unreadable in daylight,"The new dark mode uses dark grey text (#555555) on a #121212 background. Outdoors in direct sunlight, it is literally impossible to read without straining eyes. Please use higher contrast #E0E0E0 text.",ui_accessibility,v2.2
FB-0043,2026-08-02T01:42:00Z,Google Play,usr_6108,Gabriel Torres,Pro Tier,5,Fast and effortless payment in v2.1,Super easy purchase flow. Apple Pay and credit card checkout worked instantaneously with zero friction.,checkout_stability,v2.1
FB-0010,2026-08-02T23:06:00Z,App Store,usr_4528,Elena Rostova,Free Tier,1,Paywalling CSV export is ridiculous,"You let users input their data for free, but downloading a simple CSV export now triggers an upgrade modal demanding $49/mo. Data hostage pricing model is completely predatory.",pricing_complaints,v2.2
FB-0066,2026-08-03T01:43:00Z,App Store,usr_9347,Liam Vance,Growth,2,Sign-up verification lag on desktop,Waited over 14 minutes for the account activation email to arrive. Almost gave up and closed the browser.,onboarding_friction,v2.1
FB-0053,2026-08-05T05:10:00Z,Google Play,usr_9239,Priya Sharma,Free Tier,5,Fast and effortless payment in v2.1,Super easy purchase flow. Apple Pay and credit card checkout worked instantaneously with zero friction.,checkout_stability,v2.1
FB-0024,2026-08-05T14:51:00Z,App Store,usr_4753,Bianca Patel,Free Tier,5,Rock solid app stability in v2.2,"Version 2.2 has been super reliable. No crashes, instant transitions between tabs, and smooth checkout. Great work engineering team!",checkout_stability,v2.2
FB-0068,2026-08-06T01:57:00Z,Google Play,usr_2895,Quinn Bailey,Pro Tier,5,Fast and effortless payment in v2.2,Super easy purchase flow. Apple Pay and credit card checkout worked instantaneously with zero friction.,checkout_stability,v2.2
FB-0003,2026-08-08T07:27:00Z,Zendesk,usr_2425,Rachel Green,Free Tier,2,Password requirements are hidden until you fail,"Why doesn't the sign-up form show password requirements upfront? I entered my standard password, failed. Entered another, failed. Only after 3 errors did a tooltip show 'must include symbol and uppercase'. Fix this UX!",onboarding_friction,v2.2
FB-0015,2026-08-10T07:12:00Z,NPS Survey,usr_6926,Tara Connelly,Pro Tier,1,Refund policy is hostile,Cancelled within 4 hours of accidental renewal because we migrated away. Support cited strict 'no refunds under any circumstance' terms. Very hostile customer policy.,pricing_complaints,v2.2
FB-0025,2026-08-11T21:04:00Z,Zendesk,usr_7573,Kevin O'Connor,Enterprise,5,Payment gateway works reliably worldwide,"We tested checkout from Japan, Germany, and the US with different currencies. Currency conversion and local tax calculation worked seamlessly.",checkout_stability,v2.2
FB-0018,2026-08-12T21:29:00Z,NPS Survey,usr_7228,David Kim,Enterprise,4,PDF executive summary export,Can you generate a clean branded PDF summary with charts and top quotes? I need to present feedback insights to our VP of Product every Monday morning without taking screenshots.,feature_requests_exports,v2.2
FB-0007,2026-08-15T20:28:00Z,Discord,usr_7874,Rachel Green,Growth,2,Sign up on mobile web is painful,The mobile web sign up form zoom-locks on iOS Safari when focusing on the phone number input. Had to switch to desktop to complete signup.,onboarding_friction,v2.2
FB-0064,2026-08-19T11:06:00Z,Discord,usr_3609,Ian McGregor,Pro Tier,1,Subscription tier pricing increase without notice,The sudden pricing changes for team workspaces made our monthly invoice jump unexpectedly. Needs clearer communication.,pricing_complaints,v2.3
FB-0026,2026-08-19T19:41:00Z,App Store,usr_6156,Gabriel Torres,Enterprise,1,v2.3 release completely broke checkout!,"Ever since updating to v2.3 on August 16th, clicking 'Complete Purchase' displays a spinning spinner for 60 seconds and then crashes with 'HTTP 504 Gateway Timeout'. We cannot accept any client orders!",checkout_stability,v2.3
FB-0051,2026-08-21T02:44:00Z,NPS Survey,usr_5674,Olivia Chen,Growth,1,Subscription tier pricing increase without notice,The sudden pricing changes for team workspaces made our monthly invoice jump unexpectedly. Needs clearer communication.,pricing_complaints,v2.3
FB-0049,2026-08-22T15:28:00Z,Zendesk,usr_5093,Olivia Chen,Pro Tier,2,Subscription tier limits are too tight,The sudden pricing changes for pro features made our monthly invoice jump unexpectedly. Needs clearer communication.,pricing_complaints,v2.2
FB-0027,2026-08-23T09:29:00Z,Google Play,usr_7483,Priya Sharma,Pro Tier,1,Card charged twice but order failed in v2.3,"Updated to v2.3 yesterday. Tried to check out, got an error banner 'Transaction declined', but my bank sent two SMS notifications showing $120 charged twice! Where is my order?!",checkout_stability,v2.3
FB-0073,2026-08-24T05:30:00Z,App Store,usr_4502,Olivia Chen,Growth,1,Sign-up verification lag on tablet,Waited over 17 minutes for the account activation email to arrive. Almost gave up and closed the browser.,onboarding_friction,v2.2
FB-0012,2026-08-27T14:46:00Z,Zendesk,usr_5334,Liam Vance,Enterprise,2,5 seat minimum on Enterprise tier is too steep,"We need SSO and audit logs, but we are a boutique 3-person healthcare firm. Requiring a 10-seat minimum at $80/seat/mo ($800/mo total) prices out small compliance-regulated businesses.",pricing_complaints,v2.3
FB-0028,2026-08-27T17:15:00Z,App Store,usr_5340,Elena Rostova,Growth,1,App crashes immediately on Payment screen after update v2.3,Running v2.3 on iOS 19. Tapping 'Pay with Card' causes an immediate hard crash to home screen. 100% reproducible every single time. Reinstalling did not fix it.,checkout_stability,v2.3
FB-0038,2026-08-29T22:27:00Z,App Store,usr_2828,Kevin O'Connor,Pro Tier,3,Charts have zero contrast in dark theme,"In dark mode, the metric line chart uses dark navy and dark purple lines that completely vanish against the charcoal card background. Light mode is fine, but dark mode palette needs an accessibility overhaul.",ui_accessibility,v2.3
FB-0004,2026-09-01T15:13:00Z,Intercom,usr_1489,Bianca Patel,Enterprise,2,Workspace invite link expired in 1 hour,Our admin invited 10 team members to our new workspace. 6 of them tried to join the next morning and all got 'Invitation link expired'. A 1-hour expiry on workspace invites makes zero sense for business onboarding.,onboarding_friction,v2.3
FB-0048,2026-09-02T16:15:00Z,Intercom,usr_6560,Maya Lin,Enterprise,1,Cancelling subscription: too many regressions in v2.3,Our company is discontinuing use due to unannounced tier price increases. We have migrated our team.,churn_signals,v2.3
FB-0029,2026-09-02T21:47:00Z,Zendesk,usr_9831,Rachel Green,Enterprise,1,EU 3DS authentication hangs indefinitely in v2.3,"In v2.3, the banking 3D Secure modal never loads for European credit cards. It gets stuck on a blank white popup. Lost 4 high-value orders today because buyers couldn't pay.",checkout_stability,v2.3
FB-0044,2026-09-04T15:21:00Z,Intercom,usr_4682,Hannah Abbott,Growth,1,Cancelling subscription: unresponsive customer support,Our company is discontinuing use due to unacceptable support response lag. We have migrated our team.,churn_signals,v2.3
FB-0013,2026-09-04T16:59:00Z,Google Play,usr_9786,Olivia Chen,Pro Tier,1,Charged twice after upgrade button lagged,"When upgrading to Pro, the confirmation button didn't give any visual loading feedback. I clicked twice, and checking Stripe statement I was billed twice for the same subscription.",pricing_complaints,v2.3
FB-0042,2026-09-05T10:30:00Z,Intercom,usr_3104,Elena Rostova,Growth,1,Sign-up verification lag on mobile,Waited over 10 minutes for the account activation email to arrive. Almost gave up and closed the browser.,onboarding_friction,v2.1
FB-0052,2026-09-05T19:03:00Z,Intercom,usr_5862,Gabriel Torres,Growth,1,Cancelling subscription: found cheaper alternative with better uptime,Our company is discontinuing use due to unannounced tier price increases. We have migrated our team.,churn_signals,v2.3
FB-0046,2026-09-05T20:50:00Z,App Store,usr_8745,Elena Rostova,Growth,1,Sign-up verification lag on tablet,Waited over 10 minutes for the account activation email to arrive. Almost gave up and closed the browser.,onboarding_friction,v2.1
FB-0019,2026-09-07T00:22:00Z,Discord,usr_3665,Liam Vance,Pro Tier,4,REST API endpoint to query synthesis results,We want to pull synthesized mental model observations programmatically into our internal BI Metabase dashboards. A simple GET /api/v1/digest JSON endpoint would be awesome.,feature_requests_exports,v2.3
FB-0034,2026-09-07T01:24:00Z,NPS Survey,usr_2041,Nathaniel Drake,Growth,1,Migrated our team to Competitor X,"After 2 weeks of unresolved pricing disputes and unresponsive support, our team spent the weekend migrating our workflow to Competitor X. Bye.",churn_signals,v2.3
FB-0008,2026-09-08T13:48:00Z,Zendesk,usr_5558,Samir Khan,Enterprise,2,Magic link email routed to spam folder,"Sent 3 magic links to my corporate email address. None showed up in inbox, all were flagged as suspicious spam by Microsoft Defender because of poor SPF/DKIM alignment.",onboarding_friction,v2.3
FB-0030,2026-09-11T07:25:00Z,Google Play,usr_8020,Samir Khan,Pro Tier,1,Horrible v2.3 update - rollback immediately!,"Checkout was 5/5 stars before, now in v2.3 it's completely unusable. Memory leak causes the device to overheat and freeze when viewing the cart. Please roll back v2.3!",checkout_stability,v2.3
FB-0033,2026-09-12T09:10:00Z,Zendesk,usr_3505,David Kim,Enterprise,1,Cancelling 25 enterprise seats due to v2.3 bugs,Our procurement department has officially initiated termination of our 25-seat enterprise agreement. The downtime and checkout crashes on v2.3 without timely rollback showed our business operations are at risk.,churn_signals,v2.3
FB-0014,2026-09-13T06:18:00Z,Discord,usr_2292,Maya Lin,Growth,2,Unclear overage pricing for API credits,Received an unexpected $140 overage bill on our credit card. The pricing page says 'Fair use applies' but does not state the per-thousand API call rate anywhere.,pricing_complaints,v2.3
FB-0005,2026-09-15T08:01:00Z,NPS Survey,usr_9280,Hannah Abbott,Pro Tier,3,No guided tour for empty state,"Just signed up. When you first enter the dashboard, it is completely blank with no dummy data, no checklist, and no explanation of what to do first. Took me 30 minutes just to figure out how to create a project.",onboarding_friction,v2.3
FB-0070,2026-09-15T08:20:00Z,NPS Survey,usr_6410,Carlos Mendez,Growth,1,Cancelling subscription: found cheaper alternative with better uptime,Our company is discontinuing use due to unannounced tier price increases. We have migrated our team.,churn_signals,v2.3
FB-0020,2026-09-17T11:59:00Z,App Store,usr_5375,Gabriel Torres,Growth,5,Direct integration with Notion database,Is there a Notion sync on the roadmap? We track all customer feature requests in Notion and having synthesized themes sync automatically would save hours of triage.,feature_requests_exports,v2.3
FB-0074,2026-09-17T15:52:00Z,NPS Survey,usr_6492,Tara Connelly,Growth,1,Cancelling subscription: too many regressions in v2.3,Our company is discontinuing use due to unannounced tier price increases. We have migrated our team.,churn_signals,v2.3
FB-0031,2026-09-17T17:32:00Z,Intercom,usr_4594,Liam Vance,Enterprise,1,Payment gateway timeout on checkout button,"Customer service says they are working on it, but our store checkout has been failing with gateway timeout on v2.3 for 4 days straight. We are losing thousands in revenue.",checkout_stability,v2.3
FB-0047,2026-09-19T02:29:00Z,App Store,usr_7940,Liam Vance,Enterprise,1,v2.3 checkout bug: payment button freezes device,"Ever since upgrading to release v2.3, completing purchases has been broken. Screen turns blank on submit. This used to work perfectly in v2.2!",checkout_stability,v2.3
FB-0021,2026-09-19T06:46:00Z,Zendesk,usr_3804,Carlos Mendez,Enterprise,4,Bulk export of historical raw feedback,Need to be able to dump all historical feedback records with sentiment tags and source metadata into a zipped JSON file for offline compliance archiving.,feature_requests_exports,v2.3
FB-0035,2026-09-20T05:16:00Z,Intercom,usr_8669,Tara Connelly,Enterprise,1,Support ghosted us for 9 days on critical bug,We had a critical production blocker ticket open for 9 business days with only automated bot replies. We cannot run our company on tools with nonexistent support. Cancelling renewal.,churn_signals,v2.3
FB-0056,2026-09-20T13:29:00Z,Zendesk,usr_2189,Kevin O'Connor,Growth,1,v2.3 checkout bug: Stripe gateway timeout,"Ever since upgrading to release v2.3, completing purchases has been broken. Card charged but cart stays full. This used to work perfectly in v2.2!",checkout_stability,v2.3
FB-0063,2026-09-20T18:51:00Z,Intercom,usr_4879,Elena Rostova,Growth,1,Cancelling subscription: too many regressions in v2.3,Our company is discontinuing use due to unacceptable support response lag. We have migrated our team.,churn_signals,v2.3
FB-0065,2026-09-20T20:14:00Z,App Store,usr_6001,Liam Vance,Enterprise,1,v2.3 checkout bug: Stripe gateway timeout,"Ever since upgrading to release v2.3, completing purchases has been broken. Spinner loops forever with 504 error. This used to work perfectly in v2.2!",checkout_stability,v2.3
FB-0040,2026-09-22T08:12:00Z,NPS Survey,usr_9318,Jessica Wu,Enterprise,1,Cancelling subscription: unresponsive customer support,Our company is discontinuing use due to unannounced tier price increases. We have migrated our team.,churn_signals,v2.3
FB-0006,2026-09-22T11:41:00Z,App Store,usr_4258,Rachel Green,Free Tier,1,Onboarding wizard crashed on step 3,"During the 'Select your industry' step of onboarding wizard on iOS, tapping Finance crashed the app immediately. Reopening brought me back to step 1.",onboarding_friction,v2.3
FB-0071,2026-09-23T01:44:00Z,Zendesk,usr_6345,Nathaniel Drake,Growth,1,Cancelling subscription: too many regressions in v2.3,Our company is discontinuing use due to unannounced tier price increases. We have migrated our team.,churn_signals,v2.3
FB-0036,2026-09-23T10:46:00Z,App Store,usr_1189,Rachel Green,Pro Tier,1,Price hike was the final straw,40% price jump combined with frequent v2.3 crashes made this an easy decision. Just disabled auto-renew. Too many good alternatives on the market now.,churn_signals,v2.3
FB-0032,2026-09-23T14:55:00Z,Discord,usr_2490,Priya Sharma,Growth,1,Checkout error code ERR_PAYMENT_NONCE_STALE,"On v2.3 checkout screen, submitting payment fails with error ERR_PAYMENT_NONCE_STALE. App is failing to refresh payment tokens after 30 seconds of inactivity.",checkout_stability,v2.3
FB-0072,2026-09-25T01:35:00Z,App Store,usr_5931,Samir Khan,Enterprise,5,Export request: PowerBI connector,We really need automated export to CSV/JSON to streamline our team workflow.,feature_requests_exports,v2.2
